{"cameraMode":{"drawMode":0,"name":"Shaded","section":"Shading Mode"},"sceneLighting":false,"audioPlay":false,"sceneViewState":{"showFog":true,"showMaterialUpdate":false,"showSkybox":true,"showFlares":true,"showImageEffects":true,"showParticleSystems":true},"in2DMode":false,"pivot":{"x":-17.6508731842041,"y":52.37058639526367,"z":-98.73099517822266},"rotation":{"x":0.22435668110847474,"y":0.2543081045150757,"z":-0.062416981905698779,"w":0.9386669397354126},"size":0.73554927110672,"orthographic":false}