{"cameraMode":{"drawMode":0,"name":"Shaded","section":"Shading Mode"},"sceneLighting":false,"audioPlay":false,"sceneViewState":{"showFog":true,"showMaterialUpdate":false,"showSkybox":true,"showFlares":true,"showImageEffects":true,"showParticleSystems":true},"in2DMode":false,"pivot":{"x":-3.001830816268921,"y":9.533445358276368,"z":-10.595069885253907},"rotation":{"x":-0.2760927677154541,"y":-0.10355214774608612,"z":0.02993515133857727,"w":-0.9550673961639404},"size":22.0,"orthographic":false}