{"cameraMode":{"drawMode":0,"name":"Shaded","section":"Shading Mode"},"sceneLighting":false,"audioPlay":false,"sceneViewState":{"showFog":true,"showMaterialUpdate":false,"showSkybox":true,"showFlares":true,"showImageEffects":true,"showParticleSystems":true},"in2DMode":false,"pivot":{"x":17.865570068359376,"y":25.661834716796876,"z":-3.2666015625},"rotation":{"x":0.14832833409309388,"y":0.08218514919281006,"z":-0.013926863670349121,"w":0.9854189157485962},"size":983.015869140625,"orthographic":false}