{"cameraMode":{"drawMode":0,"name":"Shaded","section":"Shading Mode"},"sceneLighting":false,"audioPlay":false,"sceneViewState":{"showFog":true,"showMaterialUpdate":false,"showSkybox":true,"showFlares":true,"showImageEffects":true,"showParticleSystems":true},"in2DMode":false,"pivot":{"x":14.787860870361329,"y":-29.719886779785158,"z":37.46726989746094},"rotation":{"x":-0.3373227119445801,"y":-0.19293074309825898,"z":0.07084079086780548,"w":-0.9186798930168152},"size":61.73029327392578,"orthographic":false}