{"cameraMode":{"drawMode":0,"name":"Shaded","section":"Shading Mode"},"sceneLighting":false,"audioPlay":false,"sceneViewState":{"showFog":true,"showMaterialUpdate":false,"showSkybox":true,"showFlares":true,"showImageEffects":true,"showParticleSystems":true},"in2DMode":false,"pivot":{"x":20.68184471130371,"y":-17.352584838867189,"z":42.248802185058597},"rotation":{"x":-0.21757350862026215,"y":-0.23166491091251374,"z":0.05324443429708481,"w":-0.946656346321106},"size":61.73029327392578,"orthographic":false}