{"cameraMode":{"drawMode":0,"name":"Shaded","section":"Shading Mode"},"sceneLighting":false,"audioPlay":false,"sceneViewState":{"showFog":true,"showMaterialUpdate":false,"showSkybox":true,"showFlares":true,"showImageEffects":true,"showParticleSystems":true},"in2DMode":false,"pivot":{"x":517.5713500976563,"y":-356.60498046875,"z":730.2164306640625},"rotation":{"x":0.18135957419872285,"y":0.29071855545043948,"z":-0.05786404758691788,"w":0.9376797080039978},"size":983.015869140625,"orthographic":false}