{"cameraMode":{"drawMode":0,"name":"Shaded","section":"Shading Mode"},"sceneLighting":false,"audioPlay":false,"sceneViewState":{"showFog":true,"showMaterialUpdate":false,"showSkybox":true,"showFlares":true,"showImageEffects":true,"showParticleSystems":true},"in2DMode":false,"pivot":{"x":159.57928466796876,"y":-302.12921142578127,"z":898.468505859375},"rotation":{"x":0.15868882834911347,"y":0.08055853843688965,"z":-0.01455099880695343,"w":0.9839290976524353},"size":983.0159301757813,"orthographic":false}