{"cameraMode":{"drawMode":0,"name":"Shaded","section":"Shading Mode"},"sceneLighting":true,"audioPlay":false,"sceneViewState":{"showFog":true,"showMaterialUpdate":false,"showSkybox":true,"showFlares":true,"showImageEffects":true,"showParticleSystems":true},"in2DMode":false,"pivot":{"x":33.94682693481445,"y":39.25281524658203,"z":-65.06450653076172},"rotation":{"x":-0.47976645827293398,"y":0.007895054295659066,"z":-0.00431731715798378,"w":-0.8773500919342041},"size":22.0,"orthographic":false}