{"cameraMode":{"drawMode":0,"name":"Shaded","section":"Shading Mode"},"sceneLighting":false,"audioPlay":false,"sceneViewState":{"showFog":true,"showMaterialUpdate":false,"showSkybox":true,"showFlares":true,"showImageEffects":true,"showParticleSystems":true},"in2DMode":false,"pivot":{"x":14.210258483886719,"y":2.7326879501342775,"z":8.618904113769532},"rotation":{"x":0.4003445506095886,"y":-0.005497004371136427,"z":0.002402201294898987,"w":0.9163450598716736},"size":22.0,"orthographic":false}