{"cameraMode":{"drawMode":0,"name":"Shaded","section":"Shading Mode"},"sceneLighting":false,"audioPlay":false,"sceneViewState":{"showFog":true,"showMaterialUpdate":false,"showSkybox":true,"showFlares":true,"showImageEffects":true,"showParticleSystems":true},"in2DMode":false,"pivot":{"x":-4.895986557006836,"y":2.3349251747131349,"z":-1.3411064147949219},"rotation":{"x":-0.008006330579519272,"y":-0.9877950549125671,"z":0.12078529596328736,"w":-0.09801977872848511},"size":22.0,"orthographic":false}