{"cameraMode":{"drawMode":0,"name":"Shaded","section":"Shading Mode"},"sceneLighting":true,"audioPlay":false,"sceneViewState":{"showFog":true,"showMaterialUpdate":false,"showSkybox":true,"showFlares":true,"showImageEffects":true,"showParticleSystems":true},"in2DMode":false,"pivot":{"x":24.393892288208009,"y":-8.241971969604493,"z":-38.242347717285159},"rotation":{"x":0.002580215921625495,"y":-0.9032706022262573,"z":0.4290291666984558,"w":0.005440135486423969},"size":29.29142189025879,"orthographic":false}