{"cameraMode":{"drawMode":0,"name":"Shaded","section":"Shading Mode"},"sceneLighting":false,"audioPlay":false,"sceneViewState":{"showFog":true,"showMaterialUpdate":false,"showSkybox":true,"showFlares":true,"showImageEffects":true,"showParticleSystems":true},"in2DMode":false,"pivot":{"x":-4.627285480499268,"y":4.201852321624756,"z":-5.960464477539063e-8},"rotation":{"x":-0.00502019003033638,"y":-0.96781986951828,"z":0.24910791218280793,"w":-0.03528032451868057},"size":7.126285552978516,"orthographic":false}