{"cameraMode":{"drawMode":0,"name":"Shaded","section":"Shading Mode"},"sceneLighting":false,"audioPlay":false,"sceneViewState":{"showFog":true,"showMaterialUpdate":false,"showSkybox":true,"showFlares":true,"showImageEffects":true,"showParticleSystems":true},"in2DMode":false,"pivot":{"x":14.210258483886719,"y":3.1526880264282228,"z":15.793903350830079},"rotation":{"x":0.2849022150039673,"y":0.07790987193584442,"z":-0.023239171132445337,"w":0.9551025032997131},"size":80.94393157958985,"orthographic":false}