{"cameraMode":{"drawMode":0,"name":"Shaded","section":"Shading Mode"},"sceneLighting":false,"audioPlay":false,"sceneViewState":{"showFog":true,"showMaterialUpdate":false,"showSkybox":true,"showFlares":true,"showImageEffects":true,"showParticleSystems":true},"in2DMode":false,"pivot":{"x":-3.3263540267944338,"y":4.434463977813721,"z":-5.960464477539063e-8},"rotation":{"x":-0.020616836845874788,"y":-0.974453330039978,"z":0.13434189558029176,"w":-0.17879575490951539},"size":6.041226863861084,"orthographic":false}