{"cameraMode":{"drawMode":0,"name":"Shaded","section":"Shading Mode"},"sceneLighting":false,"audioPlay":false,"sceneViewState":{"showFog":true,"showMaterialUpdate":false,"showSkybox":true,"showFlares":true,"showImageEffects":true,"showParticleSystems":true},"in2DMode":false,"pivot":{"x":-0.8023675680160523,"y":4.827553749084473,"z":-0.22098417580127717},"rotation":{"x":-0.00502019003033638,"y":-0.96781986951828,"z":0.24910791218280793,"w":-0.03528032451868057},"size":7.126286029815674,"orthographic":false}