{"cameraMode":{"drawMode":0,"name":"Shaded","section":"Shading Mode"},"sceneLighting":false,"audioPlay":false,"sceneViewState":{"showFog":true,"showMaterialUpdate":false,"showSkybox":true,"showFlares":true,"showImageEffects":true,"showParticleSystems":true},"in2DMode":false,"pivot":{"x":-2.96944260597229,"y":4.960239410400391,"z":0.05461353063583374},"rotation":{"x":0.07914765179157257,"y":0.9024468064308167,"z":-0.3792932331562042,"w":0.18831409513950349},"size":1.4289418458938599,"orthographic":false}