{"cameraMode":{"drawMode":0,"name":"Shaded","section":"Shading Mode"},"sceneLighting":false,"audioPlay":false,"sceneViewState":{"showFog":true,"showMaterialUpdate":false,"showSkybox":true,"showFlares":true,"showImageEffects":true,"showParticleSystems":true},"in2DMode":false,"pivot":{"x":-1.5248315334320069,"y":0.3745121955871582,"z":-0.21822261810302735},"rotation":{"x":-0.2798991799354553,"y":0.19380632042884828,"z":-0.05780201777815819,"w":-0.9384852051734924},"size":9.47852897644043,"orthographic":false}