{"cameraMode":{"drawMode":0,"name":"Shaded","section":"Shading Mode"},"sceneLighting":false,"audioPlay":false,"sceneViewState":{"showFog":true,"showMaterialUpdate":false,"showSkybox":true,"showFlares":true,"showImageEffects":true,"showParticleSystems":true},"in2DMode":false,"pivot":{"x":-1.3379924297332764,"y":4.452251434326172,"z":-0.7982317805290222},"rotation":{"x":-0.04654620587825775,"y":-0.9469097256660461,"z":0.25804370641708376,"w":-0.18603454530239106},"size":6.338831424713135,"orthographic":false}