{"cameraMode":{"drawMode":0,"name":"Shaded","section":"Shading Mode"},"sceneLighting":false,"audioPlay":false,"sceneViewState":{"showFog":true,"showMaterialUpdate":false,"showSkybox":true,"showFlares":true,"showImageEffects":true,"showParticleSystems":true},"in2DMode":false,"pivot":{"x":12.997806549072266,"y":2.7481279373168947,"z":13.018651962280274},"rotation":{"x":-0.11758405715227127,"y":0.7739352583885193,"z":-0.15073725581169129,"w":-0.6037188768386841},"size":18.323503494262697,"orthographic":false}