{"cameraMode":{"drawMode":0,"name":"Shaded","section":"Shading Mode"},"sceneLighting":false,"audioPlay":false,"sceneViewState":{"showFog":true,"showMaterialUpdate":false,"showSkybox":true,"showFlares":true,"showImageEffects":true,"showParticleSystems":true},"in2DMode":false,"pivot":{"x":-0.3263537883758545,"y":4.434463977813721,"z":-5.960464477539063e-8},"rotation":{"x":-0.0418999008834362,"y":-0.9256976842880249,"z":0.1198856309056282,"w":-0.3563084602355957},"size":6.041226387023926,"orthographic":false}