{"cameraMode":{"drawMode":0,"name":"Shaded","section":"Shading Mode"},"sceneLighting":false,"audioPlay":false,"sceneViewState":{"showFog":true,"showMaterialUpdate":false,"showSkybox":true,"showFlares":true,"showImageEffects":true,"showParticleSystems":true},"in2DMode":false,"pivot":{"x":1.6815931797027588,"y":1.5193126201629639,"z":1.1415616273880005},"rotation":{"x":-0.11758405715227127,"y":0.7739352583885193,"z":-0.15073725581169129,"w":-0.6037188768386841},"size":2.1955716609954836,"orthographic":false}