{"cameraMode":{"drawMode":0,"name":"Shaded","section":"Shading Mode"},"sceneLighting":false,"audioPlay":false,"sceneViewState":{"showFog":true,"showMaterialUpdate":false,"showSkybox":true,"showFlares":true,"showImageEffects":true,"showParticleSystems":true},"in2DMode":false,"pivot":{"x":1.8216791152954102,"y":-1.2543572187423707,"z":-3.640000343322754},"rotation":{"x":0.43345195055007937,"y":0.09299188107252121,"z":-0.045023735612630847,"w":0.8952345252037048},"size":40.18012619018555,"orthographic":false}