{"cameraMode":{"drawMode":0,"name":"Shaded","section":"Shading Mode"},"sceneLighting":false,"audioPlay":false,"sceneViewState":{"showFog":true,"showMaterialUpdate":false,"showSkybox":true,"showFlares":true,"showImageEffects":true,"showParticleSystems":true},"in2DMode":false,"pivot":{"x":-0.0474972166121006,"y":-0.11296454817056656,"z":-2.5250608921051027},"rotation":{"x":-0.22518771886825562,"y":-0.6803014278411865,"z":0.2330288290977478,"w":-0.657402515411377},"size":9.47852897644043,"orthographic":false}