{"cameraMode":{"drawMode":0,"name":"Shaded","section":"Shading Mode"},"sceneLighting":true,"audioPlay":false,"sceneViewState":{"showFog":true,"showMaterialUpdate":false,"showSkybox":true,"showFlares":true,"showImageEffects":true,"showParticleSystems":true},"in2DMode":false,"pivot":{"x":16.74274444580078,"y":-0.8336042761802673,"z":197.25279235839845},"rotation":{"x":-0.17784571647644044,"y":0.08020035177469254,"z":-0.014512802474200726,"w":-0.9806774258613586},"size":464.11572265625,"orthographic":true}